lat,lon,rate,beamwidth
120.33333587646484,39.766666412353516,5050.0,1.7220803499221802
111.8837661840735,29.17056274847715,1650.0,1.0
116.35456085205078,33.98181915283203,16900.0,2.4574027061462402
102.86666870117188,24.433334350585938,3000.0,2.03770112991333
113.29797974644659,29.17056274847715,4800.0,1.0
113.29797974644659,24.92792206135786,2250.0,1.0
111.8837661840735,27.756349186104053,1050.0,1.0
106.22691193458112,31.99898987322334,4900.0,1.0
112.72858428955078,32.27143096923828,8500.0,2.2450530529022217
114.71219330881968,27.756349186104053,3000.0,1.0
114.71219330881968,26.342135623730957,2250.0,1.0
113.29797974644659,36.24163056034263,1750.0,1.0
114.32499694824219,20.549999237060547,2550.0,0.7701467871665955
126.02590180780442,53.21219330881978,450.0,2.8
73.7,12.2,0.0,0.0
110.4695526217004,30.584776310850245,1500.0,1.0
118.95483399593896,33.41320343559644,1350.0,1.0
116.12640687119277,30.584776310850245,3900.0,1.0
108.7199935913086,31.469999313354492,2100.0,0.9773855805397034
111.8837661840735,23.513708498984766,3700.0,1.0
111.84286499023438,38.342857360839844,13300.0,2.4549057483673096
123.69999694824219,38.599998474121094,7350.0,2.483945846557617
110.4695526217004,26.342135623730957,2000.0,1.0
108.7199935913086,28.920001983642578,13200.0,2.1030521392822266
118.32499694824219,35.849998474121094,4000.0,1.9450268745422363
114.71219330881968,23.513708498984766,6500.0,1.0
120.36904755831205,27.756349186104053,2600.0,1.0
73.7,12.2,0.0,0.0
113.06666564941406,27.200002670288086,2100.0,2.0827322006225586
114.71219330881968,36.24163056034263,1800.0,1.0
116.12640687119277,36.24163056034263,150.0,1.0
94.05000305175781,40.54999923706055,600.0,0.7516647577285767
73.7,12.2,0.0,0.0
123.4000015258789,43.025001525878906,1000.0,1.2412164211273193
115.79999542236328,40.52222442626953,17950.0,2.407733917236328
119.1500015258789,28.700000762939453,2400.0,0.8077751398086548
120.30000305175781,35.44999694824219,7300.0,2.3500022888183594
117.5,26.950000762939453,12750.0,2.2983689308166504
123.36666107177734,29.966665267944336,1400.0,1.1869744062423706
73.7,12.2,0.0,0.0
73.7,12.2,0.0,0.0
98.9000015258789,39.099998474121094,550.0,0.5
108.9000015258789,23.100000381469727,600.0,0.5
115.80000305175781,29.850000381469727,4300.0,1.7240941524505615
117.54062043356586,29.17056274847715,2300.0,1.0
73.7,12.2,0.0,0.0
121.78326112068514,37.65584412271572,300.0,1.0
113.69999694824219,35.0,550.0,0.5
114.71219330881968,30.584776310850245,600.0,1.0
116.12640687119277,37.65584412271572,3350.0,1.0
73.7,12.2,0.0,0.0
100.9000015258789,31.899999618530273,150.0,0.5
115.5,24.299999237060547,150.0,0.5
73.7,12.2,0.0,0.0
127.44011537017751,31.99898987322334,3600.0,2.8
73.7,12.2,0.0,0.0
114.71219330881968,24.92792206135786,900.0,1.0
73.7,12.2,0.0,0.0
73.7,12.2,0.0,0.0
118.95483399593896,41.89848480983501,1650.0,1.0
73.7,12.2,0.0,0.0
120.36904755831205,31.99898987322334,3750.0,1.0
73.7,12.2,0.0,0.0
73.7,12.2,0.0,0.0
73.7,12.2,0.0,0.0
73.7,12.2,0.0,0.0
114.71219330881968,22.09949493661167,3900.0,1.0
83.59949493661165,31.99898987322334,450.0,2.8
117.54062043356586,39.07005768508882,1050.0,1.0
73.7,12.2,0.0,0.0
113.29797974644659,30.584776310850245,1800.0,1.0
73.7,12.2,0.0,0.0
73.7,12.2,0.0,0.0
73.7,12.2,0.0,0.0
73.7,12.2,0.0,0.0
73.7,12.2,0.0,0.0
77.94264068711928,39.07005768508882,700.0,2.8
73.7,12.2,0.0,0.0
73.7,12.2,0.0,0.0
121.78326112068514,30.584776310850245,4300.0,1.0
106.22691193458112,30.584776310850245,1050.0,1.0
73.7,12.2,0.0,0.0
73.7,12.2,0.0,0.0
73.7,12.2,0.0,0.0
87.84213562373093,46.1411254969543,1200.0,2.8
113.29797974644659,22.09949493661167,2400.0,1.0
73.7,12.2,0.0,0.0
113.29797974644659,23.513708498984766,3950.0,1.0
121.78326112068514,29.17056274847715,1000.0,1.0
73.7,12.2,0.0,0.0
73.7,12.2,0.0,0.0
73.7,12.2,0.0,0.0
73.7,12.2,0.0,0.0
106.22691193458112,41.89848480983501,450.0,1.5999999999999999
73.7,12.2,0.0,0.0
133.0969696196699,44.72691193458121,150.0,2.8
73.7,12.2,0.0,0.0
116.12640687119277,16.442640687119287,750.0,2.8
123.19747468305823,54.62640687119287,150.0,2.8
118.95483399593896,37.65584412271572,2650.0,1.0
127.44011537017751,43.312698372208104,2250.0,2.8
73.7,12.2,0.0,0.0
130.26854249492368,51.797979746446686,450.0,2.8
73.7,12.2,0.0,0.0
117.54062043356586,31.99898987322334,1500.0,1.0
73.7,12.2,0.0,0.0
73.7,12.2,0.0,0.0
73.7,12.2,0.0,0.0
103.39848480983494,30.584776310850245,5550.0,2.8
73.7,12.2,0.0,0.0
107.64112549695422,17.856854249492383,3600.0,2.8
73.7,12.2,0.0,0.0
133.0969696196699,48.96955262170049,450.0,2.8
73.7,12.2,0.0,0.0
111.8837661840735,24.92792206135786,1350.0,1.0
79.35685424949237,47.555339059327395,400.0,2.8
73.7,12.2,0.0,0.0
117.54062043356586,43.312698372208104,300.0,1.5999999999999999
113.29797974644659,43.312698372208104,2500.0,2.8
73.7,12.2,0.0,0.0
107.64112549695422,22.09949493661167,1000.0,1.0
73.7,12.2,0.0,0.0
73.7,12.2,0.0,0.0
73.7,12.2,0.0,0.0
103.39848480983494,36.24163056034263,1950.0,2.8
73.7,12.2,0.0,0.0
73.7,12.2,0.0,0.0
73.7,12.2,0.0,0.0
123.19747468305823,40.48427124746192,750.0,1.5999999999999999
126.02590180780442,23.513708498984766,1000.0,2.8
120.36904755831205,56.04062043356598,300.0,2.8
117.54062043356586,22.09949493661167,5850.0,2.8
73.7,12.2,0.0,0.0
73.7,12.2,0.0,0.0
73.7,12.2,0.0,0.0
73.7,12.2,0.0,0.0
96.32741699796948,43.312698372208104,300.0,2.8
107.64112549695422,34.827416997969536,10750.0,2.8
73.7,12.2,0.0,0.0
73.7,12.2,0.0,0.0
101.98427124746185,40.48427124746192,3050.0,2.8
90.67056274847711,41.89848480983501,3000.0,2.8
83.59949493661165,46.1411254969543,1550.0,2.8
82.18528137423856,41.89848480983501,300.0,1.5999999999999999
73.7,12.2,0.0,0.0
100.57005768508876,36.24163056034263,450.0,2.8
73.7,12.2,0.0,0.0
73.7,12.2,0.0,0.0
73.7,12.2,0.0,0.0
73.7,12.2,0.0,0.0
73.7,12.2,0.0,0.0
117.54062043356586,24.92792206135786,1350.0,1.5999999999999999
77.94264068711928,43.312698372208104,450.0,2.8
109.05533905932731,15.028427124746191,900.0,1.0
107.64112549695422,13.614213562373095,150.0,1.5999999999999999
73.7,12.2,0.0,0.0
73.7,12.2,0.0,0.0
97.74163056034257,23.513708498984766,450.0,2.8
123.19747468305823,33.41320343559644,5000.0,2.8
120.36904755831205,43.312698372208104,1500.0,1.5999999999999999
73.7,12.2,0.0,0.0
111.8837661840735,40.48427124746192,400.0,1.0
73.7,12.2,0.0,0.0
124.61168824543132,41.89848480983501,900.0,1.0
73.7,12.2,0.0,0.0
107.64112549695422,23.513708498984766,2100.0,1.0
106.22691193458112,39.07005768508882,2000.0,2.8
97.74163056034257,31.99898987322334,750.0,2.8
124.61168824543132,47.555339059327395,1500.0,2.8
123.19747468305823,46.1411254969543,900.0,2.8
73.7,12.2,0.0,0.0
73.7,12.2,0.0,0.0
126.02590180780442,27.756349186104053,1800.0,2.8
110.4695526217004,34.827416997969536,6400.0,2.8
73.7,12.2,0.0,0.0
120.36904755831205,22.09949493661167,1650.0,1.5999999999999999
85.01370849898474,41.89848480983501,1300.0,2.8
92.0847763108502,30.584776310850245,850.0,2.8
123.19747468305823,26.342135623730957,2050.0,2.8
106.22691193458112,24.92792206135786,2500.0,1.5999999999999999
99.15584412271566,27.756349186104053,1050.0,2.8
96.32741699796948,37.65584412271572,2400.0,2.8
109.05533905932731,41.89848480983501,1500.0,2.8
103.39848480983494,15.028427124746191,400.0,2.8
126.02590180780442,36.24163056034263,1150.0,2.8
120.36904755831205,24.92792206135786,1900.0,2.8
118.95483399593896,30.584776310850245,7700.0,1.5999999999999999
109.05533905932731,24.92792206135786,4950.0,1.5999999999999999
128.8543289325506,48.96955262170049,150.0,2.8
114.71219330881968,37.65584412271572,1300.0,1.0
110.4695526217004,20.685281374238574,5700.0,2.8
100.57005768508876,20.685281374238574,150.0,2.8
73.7,12.2,0.0,0.0
73.7,12.2,0.0,0.0
111.8837661840735,17.856854249492383,850.0,2.8
73.7,12.2,0.0,0.0
103.39848480983494,43.312698372208104,150.0,2.8
73.7,12.2,0.0,0.0
104.81269837220803,27.756349186104053,4300.0,2.8
73.7,12.2,0.0,0.0
